Tipo; Precio; Subtipo; Dirección
Apartment; $1,900+ Studio; For rent; The Edison at Bozeman Gateway | 3100 Technology Blvd W, Bozeman, MT
Apartment; $1,375+ 1 bd; For rent; Home Run Patio Home Apartments | 5703 N Mets Way, Billings, MT
Apartment; $1,740+ Studio; For rent; The Annex of Bozeman | 1800 S 22nd Ave, Bozeman, MT
Apartment; $350+/mo; For rent; Nemont Manor, 1100 4th Ave S, Glasgow, MT 59230
Apartment; $1,240+ Studio; For rent; The Aurora | 2829 18th St S, Great Falls, MT
Apartment; $2,250+ 1 bd; For rent; The Cottages at Blackwood Groves | 1502 Scotch Pine Ln, Bozeman, MT
Apartment; $2,120+ 1 bd; For rent; 19th and Graf Apartments | 2900 S 21st Ave, Bozeman, MT
Apartment; $979+ 2 bds; For rent; Sidney Apartments | 907 3rd St NW, Sidney, MT
Apartment; $1,855+ Studio; For rent; Silver Creek | 1481 N 25th Ave, Bozeman, MT
Apartment; $1,095+/mo; For rent; East Village, 270 Broken Top Ln, Missoula, MT 59802
Apartment; $2,125+ 1 bd; For rent; Penrose Apartments | 300 Enterprise Blvd, Bozeman, MT
Apartment; $1,445+ 1 bd; For rent; Shiloh Commons | 115 Shiloh Rd, Billings, MT
Apartment; $1,950/mo; For rent; Millhouse East + West, 5242 Fallon St #202, Bozeman, MT 59718
Apartment; $1,230+ 1 bd; For rent; Olympic Village Apartments | 3900 Victory Cir, Billings, MT
Apartment; $1,295/mo; For rent; Fort Grounds Apartment Homes, 2550 S Ave W #109, Missoula, MT 59801
Apartment; $1,455+ 1 bd; For rent; Rocky Meadows Apartments | 2460 Village Ln, Billings, MT
Apartment; $1,175/mo; For rent; Chapman Crossing, 909 Byron St #909304, Missoula, MT 59802
Apartment; $1,423+ 2 bds; For rent; Rock Creek | 2323 32nd St W, Billings, MT
Apartment; $3,975/mo; For rent; 560 N Laurel Pkwy, Bozeman, MT 59718
Apartment; $2,200/mo; For rent; 1037 11th Ave, Helena, MT 59601
Apartment; $1,750/mo; For rent; 619 Willowcreek Ct, Great Falls, MT 59405
Apartment; $1,700/mo; For rent; 14 30th St N, Great Falls, MT 59401
Apartment; $2,990/mo; For rent; 213 Hunters Way, Bozeman, MT 59718
Apartment; $1,175+/mo; For rent; 213 Locust Street - 4, 213 Locust St, Anaconda, MT 59711
Apartment; $1,095/mo; For rent; 1117 N 19th St UNIT 3, Billings, MT 59101
Apartment; $3,995/mo; For rent; (undisclosed Address), Missoula, MT 59804
Apartment; $2,200/mo; For rent; 225 Avenue F, Billings, MT 59101
Apartment; $1,574/mo; For rent; 2204 Lewis Ave, Billings, MT 59102
Apartment; $800+/mo; For rent; 213 Locust Street - 2, 213 Locust St, Anaconda, MT 59711
Apartment; $2,100/mo; For rent; 128 Hoffman Dr #B, Bozeman, MT 59715
Apartment; $345+ Studio; For rent; 147 W Main St, Missoula, MT
Apartment; $1,449/mo; For rent; 864 Daytona Beach Way, Billings, MT 59106
Apartment; $1,195/mo; For rent; 14 N 29th St APT 5, Billings, MT 59101
Apartment; $1,075/mo; For rent; 111 21st St W #9, Billings, MT 59102
Apartment; $1,850/mo; For rent; 403 Brookline, 403 Brookline St #B, Livingston, MT 59047
Apartment; $1,725/mo; For rent; 710 N Tracy Ave, Bozeman, MT 59715
Apartment; $2,210/mo; For rent; 5338 Amherst Dr, Billings, MT 59106
Apartment; $1,100/mo; For rent; 121-125 N. Idaho, 121-125 N Idaho St #123-B, Butte, MT 59701
Apartment; $2,595/mo; For rent; 2309 Wyoming St, Missoula, MT 59801
Apartment; $2,295+/mo; For rent; 695 1st Avenue West North - A, 695 1st Ave, Kalispell, MT 59901
Apartment; $1,600/mo; For rent; 739 W Main St, Hamilton, MT 59840
Apartment; $1,800/mo; For rent; 228 S. 18th Ave, 228 S 18th Ave UNIT 7, Bozeman, MT 59715
Apartment; $1,900/mo; For rent; 506 N 15th Ave, Bozeman, MT 59715
Apartment; $895/mo; For rent; 191 Bohl Ave, Billings, MT 59105
Apartment; $1,295/mo; For rent; 820 Rodgers St APT 1, Missoula, MT 59802
Apartment; $2,400/mo; For rent; 204 Michael Grove Ave, Bozeman, MT 59718
Apartment; $1,395+/mo; For rent; 1730 Montana Highway 35 - 2, 1730 State Highway 35, Kalispell, MT 59901
Apartment; $795/mo; For rent; 115 6th St W, Billings, MT 59101
Apartment; $1,100/mo; For rent; 115 E Broadway, 115 E Broadway St #A, Butte, MT 59701
Apartment; $3,250/mo; For rent; 6104B Monterra Ave, Whitefish, MT 59937
Apartment; $1,895/mo; For rent; 2931 Myrtle Dr, Billings, MT 59102
Apartment; $1,000+ 2 bds; For rent; Ponderosa | 521 3rd Ave N, Great Falls, MT
Apartment; $2,800/mo; For rent; 237 Vienna St, Butte, MT 59701
Apartment; $1,250/mo; For rent; 210 Beaver Lake Rd, Whitefish, MT 59937
Apartment; $4,500/mo; For rent; 311 Akers Ln UNIT F, Whitefish, MT 59937
Apartment; $1,000/mo; For rent; 640 Lake Elmo Dr, Billings, MT 59105
Apartment; $1,050/mo; For rent; 624 Samuel Ct, Billings, MT 59105
Apartment; $875/mo; For rent; 1410 Lake Elmo Dr, Billings, MT 59105
Apartment; $2,100/mo; For rent; 111 & 113 W Sussex Ave, Missoula, MT 59801
Apartment; $795/mo; For rent; 850 Lake Elmo Dr, Billings, MT 59105
Apartment; $825/mo; For rent; 512 Speedway Loop E, Missoula, MT 59802
Apartment; $750+ Studio; For rent; Uptown Cafe Building (9 units) | 45 E Broadway St, Butte, MT
Apartment; $1,150/mo; For rent; 2323 Benton Ave, Missoula, MT 59801
Apartment; $1,375+ 1 bd; For rent; 2105 3rd Ave E, Kalispell, MT
Apartment; $12,000/mo; For rent; 1340 Wisconsin Ave #A, Whitefish, MT 59937
Apartment; $1,325/mo; For rent; 32 Clark Ave #B, Billings, MT 59101
Apartment; $1,650/mo; For rent; (undisclosed Address), Kalispell, MT 59901
Apartment; $1,000/mo; For rent; 264 N Main St SUITE 104, Kalispell, MT 59901
Apartment; $3,200/mo; For rent; 6009 Wengen Pl UNIT D, Whitefish, MT 59937
Apartment; $850/mo; For rent; 624 9th Ave #A, Havre, MT 59501
Apartment; $3,200/mo; For rent; (undisclosed Address), Bigfork, MT 59911
Apartment; $2,195/mo; For rent; 702 25th St W, Billings, MT 59102
Apartment; $4,300/mo; For rent; 2410 Northview St, Bozeman, MT 59715
Apartment; $3,550/mo; For rent; 139 Wulff Ln, Lakeside, MT 59922
Apartment; $1,995/mo; For rent; 622 27th St N #622, Great Falls, MT 59401
Apartment; $1,750/mo; For rent; 1002 Cruiser Ln APT B, Belgrade, MT 59714
Apartment; $1,000/mo; For rent; (undisclosed Address), Sunburst, MT 59482
Apartment; $2,300/mo; For rent; 214 S Black Ave SUITE 1, Bozeman, MT 59715
Apartment; $1,850/mo; For rent; 2101 Dearborn Ave UNIT 24, Missoula, MT 59801
Apartment; $2,400/mo; For rent; 408 Brookline St UNIT C, Livingston, MT 59047
Apartment; $8,500/mo; For rent; 86 Primrose Ln, Gallatin Gateway, MT 59730
Apartment; $2,995/mo; For rent; 5359 Remington Dr #A, Missoula, MT 59808
Apartment; $4,000/mo; For rent; (undisclosed Address), Whitefish, MT 59937
Apartment; $3,400/mo; For rent; 507 S 14th Ave, Bozeman, MT 59715
Apartment; $1,650/mo; For rent; 19 Harrison Ave APT A, Helena, MT 59601
Apartment; $2,800/mo; For rent; 4657 Shadowglen Dr, Bozeman, MT 59718
Apartment; $1,450/mo; For rent; 413 5th Ave S, Great Falls, MT 59405
Apartment; $3,500/mo; For rent; 803 Iowa St, Belgrade, MT 59714
Apartment; $1,450/mo; For rent; 620 27th St N #620, Great Falls, MT 59401
Apartment; $1,410/mo; For rent; 104 4th St SW, Great Falls, MT 59404
Apartment; $1,800/mo; For rent; 1806 W Durston Rd, Bozeman, MT 59715
Apartment; $795/mo; For rent; 924 Avenue B #D, Billings, MT 59102
Apartment; $1,075/mo; For rent; 432 Washington St, Missoula, MT 59802
Apartment; $2,100/mo; For rent; 130 Centennial Ln, Townsend, MT 59644
Apartment; $3,495/mo; For rent; 711 4th Ave S, Great Falls, MT 59405
Apartment; $1,500/mo; For rent; 912 Longfellow St, Butte, MT 59701
Apartment; $3,500/mo; For rent; 3131 Foxtail St, Bozeman, MT 59718
Apartment; $6,000/mo; For rent; 576 Enterprise Blvd #35, Bozeman, MT 59718
Apartment; $725/mo; For rent; 2097 Sunflower Ln, Sidney, MT 59270
Apartment; $1,750/mo; For rent; 1117 S Rouse Ave APT 2, Bozeman, MT 59715
House; $310,000; For sale; 117 Blacktail Hts, Lakeside, MT 59922
House; $760,000; For sale; 3633 Lolo Way, Bozeman, MT 59718
House; $259,000; For sale; 204 Clayton St, Plains, MT 59859
House; $799,000; For sale; 1854 Echo Cabin Loop, Bigfork, MT 59911
House; $359,900; For sale; 2946 Miles Ave, Billings, MT 59102
House; $25,500,000; For sale; 1065 Lakeside Blvd, Lakeside, MT 59922
House; $72,000,000; For sale; Nhn Cromwell Island Rd, Dayton, MT 59914
House; $159,900; For sale; 1 Montana Wild Dr, Libby, MT 59923
House; $319,900; For sale; 837 Clark Ave, Billings, MT 59101
House; $11,500,000; For sale; 2831 W Shore Dr, Helena, MT 59602
House; $619,700; For sale; 137 Wild Rose Rd, Jefferson City, MT 59638
House; $665,000; For sale; 12 Alissa Ln, Great Falls, MT 59404
House; $730,000; For sale; 5690 Lower Woodchuck Rd, Florence, MT 59833
House; $199,000; For sale; 314 E I St, Sula, MT 59871
House; $520,000; For sale; 14275 Hampton Dr, Clinton, MT 59825
House; $280,000; For sale; 506 Alderson Ave, Billings, MT 59101
House; $429,900; For sale; 232 Ashley Ct N, Billings, MT 59105
House; $899,000; For sale; 43 Riverside Dr, Bozeman, MT 59715
House; $419,900; For sale; 2877 Travis Ave, Helena, MT 59601
House; $200,000; For sale; 332 2nd Ave, Havre, MT 59501
House; $1,698,500; For sale; 27 Bayview Dr, Lakeside, MT 59922
House; $6,295,000; For sale; 2899 Spain Bridge Rd, Belgrade, MT 59714
House; $689,900; For sale; 3109 Cabin Creek Trl, Billings, MT 59106
House; $550,000; For sale; 2319 Valley Dr, Missoula, MT 59802
House; $749,999; For sale; 859 Hidden Valley Rd N, Florence, MT 59833
House; $388,000; For sale; 3231 Richardson St, Butte, MT 59701
House; $2,200,000; For sale; 1292 Ian Ln, Victor, MT 59875
House; $525,000; For sale; 34087 Warren Ln, Polson, MT 59860
House; $649,000; For sale; 31390 Reese Rd, Huson, MT 59846
House; $499,000; For sale; 828 4th Ave E, Kalispell, MT 59901
House; $124,900; For sale; 80 19th St, Havre, MT 59501
House; $115,000; For sale; 52 Big Sky Country Dr, Billings, MT 59102
House; $159,900; For sale; 4768 Anna Purna Dr, Billings, MT 59106
House; $1,750,000; For sale; 1186 Marion Hubbart Spur, Marion, MT 59925
House; $1,599,900; For sale; 140 E Central Ave, Missoula, MT 59801
House; $179,000; For sale; 610 S Wisconsin St, Conrad, MT 59425
House; $249,000; For sale; 106 Pine St S, Reed Point, MT 59069
House; $739,000; For sale; 31 Mackinaw Way, Somers, MT 59932
House; $1,100,000; For sale; 40 Elk Ridge Ln, Whitefish, MT 59937
House; $550,000; For sale; 221 Sawtooth Rd, Polaris, MT 59746
House; $795,000; For sale; 10678 Nez Perce Loop, Lolo, MT 59847
House; $545,000; For sale; 3811 Lancaster Rd, Missoula, MT 59808
House; $364,950; For sale; 117 E Lake Ave, Lewistown, MT 59457
House; $989,000; For sale; 5140 Clapper Flat Rd, Laurel, MT 59044
House; $1,649,500; For sale; 3306 Bears Rd, Stevensville, MT 59870
House; $590,000; For sale; 526 Antler Ln, Moore, MT 59464
House; $625,000; For sale; 12005 Running Deer Ln, Missoula, MT 59808
House; $945,000; For sale; 4330 Christian Dr, Missoula, MT 59803
House; $550,000; For sale; 390 Meadow Hills Dr, Kalispell, MT 59901
House; $849,000; For sale; 259 Dairy Dr, Kalispell, MT 59901
House; $395,000; For sale; 2646 Wyoming Ave, Billings, MT 59102
House; $799,000; For sale; 42 Salmon Fly Rd, Pray, MT 59047
House; $212,000; For sale; 12119 Highway 16, Sidney, MT 59270
House; $130,000; For sale; 516 Broadway St, Culbertson, MT 59218
House; $875,000; For sale; 7 Britney Rd, Three Forks, MT 59752
House; $849,000; For sale; 85 Tree Line Ln, Bozeman, MT 59718
House; $135,000; For sale; 512 Howard Ave, Billings, MT 59101
House; $315,000; For sale; 2435 Bowhunter Dr, Helena, MT 59602
House; $497,650; For sale; 8936 Susanna Dr, Billings, MT 59101
House; $419,000; For sale; 417 N 3rd St, Hamilton, MT 59840
House; $395,000; For sale; 626 1/2 3rd Ave W, Columbia Falls, MT 59912
House; $565,000; For sale; 13245 Balsamroot Rd, Lolo, MT 59847
House; $129,900; For sale; 2 Rodeo Pl, Billings, MT 59102
House; $895,000; For sale; 328 Eagle Bend Dr, Bigfork, MT 59911
House; $530,000; For sale; 610 Hauser Ave S, Red Lodge, MT 59068
House; $319,000; For sale; 72318 Sanders St, Arlee, MT 59821
House; $1,300,000; For sale; 283 Hayfield Loop Trl, Ennis, MT 59729
House; $1,595,000; For sale; 1100 Evergreen Dr, Billings, MT 59105
House; $575,000; For sale; 130 Turtle Mountain Rd, Kalispell, MT 59901
House; $9,995,000; For sale; 141 Black Wolf Rdg, Gallatin Gateway, MT 59730
House; $559,000; For sale; 21 Gloria Dr, Rexford, MT 59930
House; $749,000; For sale; 36137 Fulkerson Ln, Polson, MT 59860
House; $400,000; For sale; 144 Riverside Dr, Dillon, MT 59725
House; $279,000; For sale; 190 River View Dr, Troy, MT 59935
House; $675,000; For sale; 10977 Sanctuary Ln, Lolo, MT 59847
House; $850,000; For sale; 285 Golf Course Dr, Columbia Falls, MT 59912
House; $445,000; For sale; 1965 Tucker Gulch Rd, Helena, MT 59601
House; $1,080,000; For sale; 850 Bailey Dr, Columbia Falls, MT 59912
House; $649,000; For sale; 109 Valley St, Manhattan, MT 59741
House; $465,000; For sale; 1 Guy Hall Rd, Trout Creek, MT 59874
House; $599,000; For sale; 31804 Holmes Creek Ln, Polson, MT 59860
House; $995,000; For sale; 78 Hilgard Trl, Cameron, MT 59720
House; $210,000; For sale; 14 Davidson Ave, Absarokee, MT 59001
House; $449,900; For sale; 3747 E King St, East Helena, MT 59635
House; $665,000; For sale; 2404 Greyson Ct, Helena, MT 59601
House; $1,038,500; For sale; 2319 Thoroughbred Ln, Bozeman, MT 59718
House; $399,000; For sale; 418 N Main St, Livingston, MT 59047
House; $284,900; For sale; 640 Harper Coulee Rd, Roundup, MT 59072
House; $8,990,000; For sale; 100 Scullers Way, Whitefish, MT 59937
House; $344,900; For sale; 2327 Pine St, Billings, MT 59101
House; $50,000; For sale; 8 Woodgrain Dr, Billings, MT 59102
House; $607,500; For sale; 1533 Mansfield Ave, Missoula, MT 59801
House; $499,000; For sale; 0 Maxville Rd, Philipsburg, MT 59858
House; $649,900; For sale; 1835 Briarwood Blvd, Billings, MT 59101
House; $639,950; For sale; 28 Ranchetts Dr, Bigfork, MT 59911
House; $898,000; For sale; 11 Lewis Dr, Three Forks, MT 59752
House; $277,000; For sale; 509 1st Ave E, Eureka, MT 59917
House; $429,000; For sale; 21571 Jim Ln, Bigfork, MT 59911
House; $649,000; For sale; 1519 Blue Slide Rd, Thompson Falls, MT 59873
House; $879,000; For sale; 165 N Meadow Creek Rd, Mc Allister, MT 59740
